{"cameraMode":{"drawMode":0,"name":"Shaded","section":"Shading Mode"},"sceneLighting":false,"audioPlay":false,"sceneViewState":{"m_AlwaysRefresh":false,"showFog":true,"showSkybox":false,"showFlares":true,"showImageEffects":true,"showParticleSystems":true,"showVisualEffectGraphs":true,"m_FxEnabled":true},"in2DMode":false,"pivot":{"x":894.3511962890625,"y":741.6958618164063,"z":49.397796630859378},"rotation":{"x":-0.05097697675228119,"y":-0.02067478746175766,"z":0.0010546441189944745,"w":-0.9984884262084961},"size":768.7573852539063,"orthographic":false}